[
{
    "pk": 1, 
    "model": "member.facebookuser", 
    "fields": {
        "last_name": "", 
        "image": "images/facebook_profiles/2013/05/05/fb_image_None.jpg", 
        "is_staff": false, 
        "about_me": null, 
        "user_permissions": [], 
        "date_joined": "2013-05-04T19:26:10.635Z", 
        "first_name": "", 
        "facebook_name": null, 
        "is_superuser": false, 
        "date_of_birth": null, 
        "last_login": "2013-05-05T08:31:02.718Z", 
        "facebook_id": null, 
        "email": "fake@mellowmorning.com", 
        "website_url": null, 
        "username": "tschellenbach", 
        "is_active": true, 
        "facebook_profile_url": null, 
        "groups": [], 
        "password": "pbkdf2_sha256$10000$jhxRjmaOExM3$lDaadq2iC3+e5qbqk5IidBxSht9uSMj19ndeRLYTbn4Cg=", 
        "access_token": null, 
        "gender": null, 
        "blog_url": null, 
        "raw_data": null, 
        "facebook_open_graph": true
    }
}
]
